date,ticker,setup,side,confluence,entry,stop,close,regime,entry_permitted,block_reason
2026-09-13,AMZN,M0 Rotation,long,3-of-3,257.59,249.15,256.78,transition_ambiguous,True,
2026-09-13,XLC,M0 Rotation,long,2-of-3,113.04,109.98,112.6,transition_ambiguous,True,
2026-09-13,CSCO,M0 Rotation,long,2-of-3,112.22,109.09,112.13,transition_ambiguous,True,
2026-09-13,GS,M0 Rotation,long,2-of-3,1042.99,1009.82,1029.18,transition_ambiguous,False,ok
2026-09-13,MU,M1 VCP,long,2-of-3,938.4,910.25,975.26,transition_ambiguous,False,ok
2026-09-26,XLK,M0 Rotation,long,3-of-3,196.94,190.68,196.27,restrictive_tightening,True,
2026-09-26,NVDA,M0 Rotation,long,2-of-3,226.94,219.13,225.07,restrictive_tightening,True,
2026-09-28,NVDA,M0 Rotation,long,2-of-3,233.21,225.48,228.86,restrictive_tightening,True,
2026-09-29,NVDA,M0 Rotation,long,2-of-3,232.82,224.76,227.21,restrictive_tightening,False,binary macro event within 48h: NFP in 2d
2026-09-30,AMAT,M0 Rotation,long,3-of-3,515.42,487.59,511.38,restrictive_tightening,False,binary macro event within 48h: NFP in 1d
2026-09-30,NVDA,M0 Rotation,long,2-of-3,232.37,224.42,228.38,restrictive_tightening,False,binary macro event within 48h: NFP in 1d
2026-09-30,PG,M2b Failed-BO Short,short,2-of-3,148.22,149.48,145.28,restrictive_tightening,False,binary macro event within 48h: NFP in 1d
2026-10-01,AMAT,M0 Rotation,long,3-of-3,533.88,504.92,529.3,restrictive_tightening,False,binary macro event within 48h: NFP in 0d
2026-10-01,NVDA,M0 Rotation,long,2-of-3,232.29,224.31,230.86,restrictive_tightening,False,binary macro event within 48h: NFP in 0d
2026-10-02,NVDA,M0 Rotation,long,2-of-3,232.29,224.31,230.86,restrictive_tightening,True,
2026-10-02,TMO,M2b Failed-BO Short,short,2-of-3,678.39,683.63,652.51,restrictive_tightening,True,
2026-10-02,AMAT,M0 Rotation,long,3-of-3,533.88,504.92,529.3,restrictive_tightening,False,"risk budget $25.00 at this step/regime is below one share's risk ($28.96) — a single share breaches Progressive Exposure; the only expression is a 45-90 DTE call debit spread with premium <= $25, or skip"
2026-10-05,AMAT,M0 Rotation,long,3-of-3,545.81,518.98,542.28,restrictive_tightening,False,"risk budget $25.00 at this step/regime is below one share's risk ($26.83) — a single share breaches Progressive Exposure; the only expression is a 45-90 DTE call debit spread with premium <= $25, or skip"
2026-10-06,CSCO,M0 Rotation,long,3-of-3,118.4,114.21,117.94,restrictive_tightening,True,
2026-10-06,AMAT,M0 Rotation,long,3-of-3,546.0,519.15,530.27,restrictive_tightening,False,"risk budget $25.00 at this step/regime is below one share's risk ($26.85) — a single share breaches Progressive Exposure; the only expression is a 45-90 DTE call debit spread with premium <= $25, or skip"
