date,regime,nav,peak,drawdown_pct,breaker,release_count,warn,source,weights
2026-08-12,neutral,100.0,100.0,0.0,OFF,0,False,reconstructed,"{""VGT"": 20.0, ""SMH"": 4.0, ""QQQ"": 4.0, ""GLD"": 12.0, ""SLV"": 5.0, ""RING"": 5.0, ""XLE"": 5.0, ""PDBC"": 3.0, ""SCHD"": 13.0, ""XLV"": 4.0, ""XLU"": 3.0, ""SGOV"": 5.0, ""USFR"": 3.0, ""TLT"": 10.0, ""KMLM"": 4.0}"
2026-08-13,transition_ambiguous,99.9875,100.0,-0.01,OFF,0,False,reconstructed,"{""VGT"": 17.0, ""SMH"": 3.0, ""QQQ"": 3.0, ""GLD"": 10.0, ""SLV"": 4.0, ""RING"": 4.0, ""XLE"": 5.0, ""PDBC"": 3.0, ""SCHD"": 14.0, ""XLV"": 5.0, ""XLU"": 3.0, ""SGOV"": 8.0, ""USFR"": 7.0, ""TLT"": 7.0, ""KMLM"": 7.0}"
2026-08-14,transition_ambiguous,100.2555,100.2555,0.0,OFF,0,False,reconstructed,"{""VGT"": 17.0, ""SMH"": 3.0, ""QQQ"": 3.0, ""GLD"": 10.0, ""SLV"": 4.0, ""RING"": 4.0, ""XLE"": 5.0, ""PDBC"": 3.0, ""SCHD"": 14.0, ""XLV"": 5.0, ""XLU"": 3.0, ""SGOV"": 8.0, ""USFR"": 7.0, ""TLT"": 7.0, ""KMLM"": 7.0}"
2026-08-17,transition_ambiguous,100.5588,100.5588,0.0,OFF,0,False,reconstructed,"{""VGT"": 17.0, ""SMH"": 3.0, ""QQQ"": 3.0, ""GLD"": 10.0, ""SLV"": 4.0, ""RING"": 4.0, ""XLE"": 5.0, ""PDBC"": 3.0, ""SCHD"": 14.0, ""XLV"": 5.0, ""XLU"": 3.0, ""SGOV"": 8.0, ""USFR"": 7.0, ""TLT"": 7.0, ""KMLM"": 7.0}"
2026-08-18,transition_ambiguous,99.807,100.5588,-0.75,OFF,0,False,reconstructed,"{""VGT"": 17.0, ""SMH"": 3.0, ""QQQ"": 3.0, ""GLD"": 10.0, ""SLV"": 4.0, ""RING"": 4.0, ""XLE"": 5.0, ""PDBC"": 3.0, ""SCHD"": 14.0, ""XLV"": 5.0, ""XLU"": 3.0, ""SGOV"": 8.0, ""USFR"": 7.0, ""TLT"": 7.0, ""KMLM"": 7.0}"
2026-08-19,transition_ambiguous,101.0168,101.0168,0.0,OFF,0,False,reconstructed,"{""VGT"": 17.0, ""SMH"": 3.0, ""QQQ"": 3.0, ""GLD"": 10.0, ""SLV"": 4.0, ""RING"": 4.0, ""XLE"": 5.0, ""PDBC"": 3.0, ""SCHD"": 14.0, ""XLV"": 5.0, ""XLU"": 3.0, ""SGOV"": 8.0, ""USFR"": 7.0, ""TLT"": 7.0, ""KMLM"": 7.0}"
2026-08-20,transition_ambiguous,101.0423,101.0423,0.0,OFF,0,False,reconstructed,"{""VGT"": 17.0, ""SMH"": 3.0, ""QQQ"": 3.0, ""GLD"": 10.0, ""SLV"": 4.0, ""RING"": 4.0, ""XLE"": 5.0, ""PDBC"": 3.0, ""SCHD"": 14.0, ""XLV"": 5.0, ""XLU"": 3.0, ""SGOV"": 8.0, ""USFR"": 7.0, ""TLT"": 7.0, ""KMLM"": 7.0}"
2026-08-21,transition_ambiguous,101.5842,101.5842,0.0,OFF,0,False,reconstructed,"{""VGT"": 17.0, ""SMH"": 3.0, ""QQQ"": 3.0, ""GLD"": 10.0, ""SLV"": 4.0, ""RING"": 4.0, ""XLE"": 5.0, ""PDBC"": 3.0, ""SCHD"": 14.0, ""XLV"": 5.0, ""XLU"": 3.0, ""SGOV"": 8.0, ""USFR"": 7.0, ""TLT"": 7.0, ""KMLM"": 7.0}"
2026-08-24,transition_ambiguous,101.2393,101.5842,-0.34,OFF,0,False,reconstructed,"{""VGT"": 17.0, ""SMH"": 3.0, ""QQQ"": 3.0, ""GLD"": 10.0, ""SLV"": 4.0, ""RING"": 4.0, ""XLE"": 5.0, ""PDBC"": 3.0, ""SCHD"": 14.0, ""XLV"": 5.0, ""XLU"": 3.0, ""SGOV"": 8.0, ""USFR"": 7.0, ""TLT"": 7.0, ""KMLM"": 7.0}"
2026-08-25,transition_ambiguous,101.4566,101.5842,-0.13,OFF,0,False,reconstructed,"{""VGT"": 17.0, ""SMH"": 3.0, ""QQQ"": 3.0, ""GLD"": 10.0, ""SLV"": 4.0, ""RING"": 4.0, ""XLE"": 5.0, ""PDBC"": 3.0, ""SCHD"": 14.0, ""XLV"": 5.0, ""XLU"": 3.0, ""SGOV"": 8.0, ""USFR"": 7.0, ""TLT"": 7.0, ""KMLM"": 7.0}"
2026-08-26,transition_ambiguous,101.2305,101.5842,-0.35,OFF,0,False,reconstructed,"{""VGT"": 17.0, ""SMH"": 3.0, ""QQQ"": 3.0, ""GLD"": 10.0, ""SLV"": 4.0, ""RING"": 4.0, ""XLE"": 5.0, ""PDBC"": 3.0, ""SCHD"": 14.0, ""XLV"": 5.0, ""XLU"": 3.0, ""SGOV"": 8.0, ""USFR"": 7.0, ""TLT"": 7.0, ""KMLM"": 7.0}"
2026-08-27,transition_ambiguous,101.9895,101.9895,0.0,OFF,0,False,reconstructed,"{""VGT"": 17.0, ""SMH"": 3.0, ""QQQ"": 3.0, ""GLD"": 10.0, ""SLV"": 4.0, ""RING"": 4.0, ""XLE"": 5.0, ""PDBC"": 3.0, ""SCHD"": 14.0, ""XLV"": 5.0, ""XLU"": 3.0, ""SGOV"": 8.0, ""USFR"": 7.0, ""TLT"": 7.0, ""KMLM"": 7.0}"
2026-08-28,transition_ambiguous,100.9868,101.9895,-0.98,OFF,0,False,reconstructed,"{""VGT"": 17.0, ""SMH"": 3.0, ""QQQ"": 3.0, ""GLD"": 10.0, ""SLV"": 4.0, ""RING"": 4.0, ""XLE"": 5.0, ""PDBC"": 3.0, ""SCHD"": 14.0, ""XLV"": 5.0, ""XLU"": 3.0, ""SGOV"": 8.0, ""USFR"": 7.0, ""TLT"": 7.0, ""KMLM"": 7.0}"
2026-08-31,transition_ambiguous,101.1422,101.9895,-0.83,OFF,0,False,reconstructed,"{""VGT"": 17.0, ""SMH"": 3.0, ""QQQ"": 3.0, ""GLD"": 10.0, ""SLV"": 4.0, ""RING"": 4.0, ""XLE"": 5.0, ""PDBC"": 3.0, ""SCHD"": 14.0, ""XLV"": 5.0, ""XLU"": 3.0, ""SGOV"": 8.0, ""USFR"": 7.0, ""TLT"": 7.0, ""KMLM"": 7.0}"
2026-09-01,transition_ambiguous,100.4686,101.9895,-1.49,OFF,0,False,reconstructed,"{""VGT"": 17.0, ""SMH"": 3.0, ""QQQ"": 3.0, ""GLD"": 10.0, ""SLV"": 4.0, ""RING"": 4.0, ""XLE"": 5.0, ""PDBC"": 3.0, ""SCHD"": 14.0, ""XLV"": 5.0, ""XLU"": 3.0, ""SGOV"": 8.0, ""USFR"": 7.0, ""TLT"": 7.0, ""KMLM"": 7.0}"
2026-09-02,transition_ambiguous,101.0282,101.9895,-0.94,OFF,0,False,reconstructed,"{""VGT"": 17.0, ""SMH"": 3.0, ""QQQ"": 3.0, ""GLD"": 10.0, ""SLV"": 4.0, ""RING"": 4.0, ""XLE"": 5.0, ""PDBC"": 3.0, ""SCHD"": 14.0, ""XLV"": 5.0, ""XLU"": 3.0, ""SGOV"": 8.0, ""USFR"": 7.0, ""TLT"": 7.0, ""KMLM"": 7.0}"
2026-09-03,transition_ambiguous,101.7471,101.9895,-0.24,OFF,0,False,reconstructed,"{""VGT"": 17.0, ""SMH"": 3.0, ""QQQ"": 3.0, ""GLD"": 10.0, ""SLV"": 4.0, ""RING"": 4.0, ""XLE"": 5.0, ""PDBC"": 3.0, ""SCHD"": 14.0, ""XLV"": 5.0, ""XLU"": 3.0, ""SGOV"": 8.0, ""USFR"": 7.0, ""TLT"": 7.0, ""KMLM"": 7.0}"
2026-09-04,transition_ambiguous,101.4657,101.9895,-0.51,OFF,0,False,reconstructed,"{""VGT"": 17.0, ""SMH"": 3.0, ""QQQ"": 3.0, ""GLD"": 10.0, ""SLV"": 4.0, ""RING"": 4.0, ""XLE"": 5.0, ""PDBC"": 3.0, ""SCHD"": 14.0, ""XLV"": 5.0, ""XLU"": 3.0, ""SGOV"": 8.0, ""USFR"": 7.0, ""TLT"": 7.0, ""KMLM"": 7.0}"
2026-09-08,term_premium_repricing,101.0952,101.9895,-0.88,OFF,0,False,reconstructed,"{""VGT"": 16.0, ""SMH"": 3.0, ""QQQ"": 2.0, ""GLD"": 12.0, ""SLV"": 5.0, ""RING"": 5.0, ""XLE"": 6.0, ""PDBC"": 5.0, ""SCHD"": 13.0, ""XLV"": 4.0, ""XLU"": 3.0, ""SGOV"": 11.0, ""USFR"": 5.0, ""TLT"": 4.0, ""KMLM"": 6.0}"
2026-09-09,term_premium_repricing,101.3535,101.9895,-0.62,OFF,0,False,reconstructed,"{""VGT"": 16.0, ""SMH"": 3.0, ""QQQ"": 2.0, ""GLD"": 12.0, ""SLV"": 5.0, ""RING"": 5.0, ""XLE"": 6.0, ""PDBC"": 5.0, ""SCHD"": 13.0, ""XLV"": 4.0, ""XLU"": 3.0, ""SGOV"": 11.0, ""USFR"": 5.0, ""TLT"": 4.0, ""KMLM"": 6.0}"
2026-09-10,term_premium_repricing,100.5248,101.9895,-1.44,OFF,0,False,reconstructed,"{""VGT"": 16.0, ""SMH"": 3.0, ""QQQ"": 2.0, ""GLD"": 12.0, ""SLV"": 5.0, ""RING"": 5.0, ""XLE"": 6.0, ""PDBC"": 5.0, ""SCHD"": 13.0, ""XLV"": 4.0, ""XLU"": 3.0, ""SGOV"": 11.0, ""USFR"": 5.0, ""TLT"": 4.0, ""KMLM"": 6.0}"
2026-09-11,transition_ambiguous,100.9411,101.9895,-1.03,OFF,0,False,reconstructed,"{""VGT"": 17.0, ""SMH"": 3.0, ""QQQ"": 3.0, ""GLD"": 10.0, ""SLV"": 4.0, ""RING"": 4.0, ""XLE"": 5.0, ""PDBC"": 3.0, ""SCHD"": 14.0, ""XLV"": 4.5, ""XLU"": 3.0, ""SGOV"": 8.5, ""USFR"": 7.0, ""TLT"": 7.0, ""KMLM"": 7.0}"
2026-09-14,transition_ambiguous,100.1706,101.9895,-1.78,OFF,0,False,reconstructed,"{""VGT"": 17.0, ""SMH"": 3.0, ""QQQ"": 3.0, ""GLD"": 10.0, ""SLV"": 4.0, ""RING"": 4.0, ""XLE"": 5.0, ""PDBC"": 3.0, ""SCHD"": 14.0, ""XLV"": 5.0, ""XLU"": 3.0, ""SGOV"": 8.0, ""USFR"": 7.0, ""TLT"": 7.0, ""KMLM"": 7.0}"
2026-09-15,transition_ambiguous,100.3341,101.9895,-1.62,OFF,0,False,reconstructed,"{""VGT"": 17.0, ""SMH"": 3.0, ""QQQ"": 3.0, ""GLD"": 10.0, ""SLV"": 4.0, ""RING"": 4.0, ""XLE"": 5.0, ""PDBC"": 3.0, ""SCHD"": 14.0, ""XLV"": 5.0, ""XLU"": 3.0, ""SGOV"": 8.0, ""USFR"": 7.0, ""TLT"": 7.0, ""KMLM"": 7.0}"
2026-09-16,transition_ambiguous,99.844,101.9895,-2.1,OFF,0,False,reconstructed,"{""VGT"": 17.0, ""SMH"": 3.0, ""QQQ"": 3.0, ""GLD"": 10.0, ""SLV"": 4.0, ""RING"": 4.0, ""XLE"": 5.0, ""PDBC"": 3.0, ""SCHD"": 13.5, ""XLV"": 5.0, ""XLU"": 3.0, ""SGOV"": 8.5, ""USFR"": 7.0, ""TLT"": 7.0, ""KMLM"": 7.0}"
2026-09-17,transition_ambiguous,100.9117,101.9895,-1.06,OFF,0,False,reconstructed,"{""VGT"": 17.0, ""SMH"": 3.0, ""QQQ"": 3.0, ""GLD"": 10.0, ""SLV"": 4.0, ""RING"": 4.0, ""XLE"": 5.0, ""PDBC"": 3.0, ""SCHD"": 13.5, ""XLV"": 5.0, ""XLU"": 3.0, ""SGOV"": 8.5, ""USFR"": 7.0, ""TLT"": 7.0, ""KMLM"": 7.0}"
2026-09-18,transition_ambiguous,101.0345,101.9895,-0.94,OFF,0,False,reconstructed,"{""VGT"": 17.0, ""SMH"": 3.0, ""QQQ"": 3.0, ""GLD"": 10.0, ""SLV"": 4.0, ""RING"": 4.0, ""XLE"": 5.0, ""PDBC"": 3.0, ""SCHD"": 13.5, ""XLV"": 5.0, ""XLU"": 3.0, ""SGOV"": 8.5, ""USFR"": 7.0, ""TLT"": 7.0, ""KMLM"": 7.0}"
2026-09-21,transition_ambiguous,101.4755,101.9895,-0.5,OFF,0,False,reconstructed,"{""VGT"": 17.0, ""SMH"": 3.0, ""QQQ"": 3.0, ""GLD"": 10.0, ""SLV"": 4.0, ""RING"": 4.0, ""XLE"": 5.0, ""PDBC"": 3.0, ""SCHD"": 13.5, ""XLV"": 5.0, ""XLU"": 3.0, ""SGOV"": 8.5, ""USFR"": 7.0, ""TLT"": 7.0, ""KMLM"": 7.0}"
2026-09-22,transition_ambiguous,101.865,101.9895,-0.12,OFF,0,False,reconstructed,"{""VGT"": 17.0, ""SMH"": 3.0, ""QQQ"": 3.0, ""GLD"": 10.0, ""SLV"": 4.0, ""RING"": 4.0, ""XLE"": 5.0, ""PDBC"": 3.0, ""SCHD"": 13.5, ""XLV"": 5.0, ""XLU"": 3.0, ""SGOV"": 8.5, ""USFR"": 7.0, ""TLT"": 7.0, ""KMLM"": 7.0}"
2026-09-23,transition_ambiguous,101.086,101.9895,-0.89,OFF,0,False,reconstructed,"{""VGT"": 17.0, ""SMH"": 3.0, ""QQQ"": 3.0, ""GLD"": 10.0, ""SLV"": 4.0, ""RING"": 4.0, ""XLE"": 5.0, ""PDBC"": 3.0, ""SCHD"": 13.5, ""XLV"": 5.0, ""XLU"": 3.0, ""SGOV"": 8.5, ""USFR"": 7.0, ""TLT"": 7.0, ""KMLM"": 7.0}"
2026-09-24,transition_ambiguous,100.7772,101.9895,-1.19,OFF,0,False,reconstructed,"{""VGT"": 17.0, ""SMH"": 3.0, ""QQQ"": 3.0, ""GLD"": 10.0, ""SLV"": 4.0, ""RING"": 4.0, ""XLE"": 5.0, ""PDBC"": 3.0, ""SCHD"": 13.5, ""XLV"": 5.0, ""XLU"": 3.0, ""SGOV"": 8.5, ""USFR"": 7.0, ""TLT"": 7.0, ""KMLM"": 7.0}"
2026-09-25,transition_ambiguous,101.0218,101.9895,-0.95,OFF,0,False,reconstructed,"{""VGT"": 17.0, ""SMH"": 3.0, ""QQQ"": 3.0, ""GLD"": 10.0, ""SLV"": 4.0, ""RING"": 4.0, ""XLE"": 5.0, ""PDBC"": 3.0, ""SCHD"": 13.5, ""XLV"": 5.0, ""XLU"": 3.0, ""SGOV"": 8.5, ""USFR"": 7.0, ""TLT"": 7.0, ""KMLM"": 7.0}"
2026-09-28,restrictive_tightening,99.8239,101.9895,-2.12,OFF,0,False,reconstructed,"{""VGT"": 17.0, ""SMH"": 3.0, ""QQQ"": 2.0, ""GLD"": 10.0, ""SLV"": 4.0, ""RING"": 5.0, ""XLE"": 5.0, ""PDBC"": 3.0, ""SCHD"": 14.5, ""XLV"": 5.0, ""XLU"": 1.0, ""SGOV"": 12.5, ""USFR"": 8.0, ""TLT"": 2.0, ""KMLM"": 8.0}"
2026-09-29,restrictive_tightening,99.8959,101.9895,-2.05,OFF,0,False,reconstructed,"{""VGT"": 17.0, ""SMH"": 3.0, ""QQQ"": 2.0, ""GLD"": 10.0, ""SLV"": 4.0, ""RING"": 5.0, ""XLE"": 5.0, ""PDBC"": 3.0, ""SCHD"": 14.5, ""XLV"": 5.0, ""XLU"": 1.0, ""SGOV"": 12.5, ""USFR"": 8.0, ""TLT"": 2.0, ""KMLM"": 8.0}"
2026-09-30,restrictive_tightening,99.6541,101.9895,-2.29,OFF,0,False,reconstructed,"{""VGT"": 17.0, ""SMH"": 3.0, ""QQQ"": 2.0, ""GLD"": 10.0, ""SLV"": 4.0, ""RING"": 5.0, ""XLE"": 5.0, ""PDBC"": 3.0, ""SCHD"": 14.5, ""XLV"": 5.0, ""XLU"": 1.0, ""SGOV"": 12.5, ""USFR"": 8.0, ""TLT"": 2.0, ""KMLM"": 8.0}"
2026-10-01,restrictive_tightening,100.091,101.9895,-1.86,OFF,0,False,reconstructed,"{""VGT"": 17.0, ""SMH"": 3.0, ""QQQ"": 2.0, ""GLD"": 10.0, ""SLV"": 4.0, ""RING"": 5.0, ""XLE"": 5.0, ""PDBC"": 3.0, ""SCHD"": 14.5, ""XLV"": 4.5, ""XLU"": 1.0, ""SGOV"": 13.0, ""USFR"": 8.0, ""TLT"": 2.0, ""KMLM"": 8.0}"
2026-10-02,restrictive_tightening,100.3103,101.9895,-1.65,OFF,0,False,live,"{""VGT"": 17.0, ""SMH"": 3.0, ""QQQ"": 2.0, ""GLD"": 10.0, ""SLV"": 4.0, ""RING"": 5.0, ""XLE"": 5.0, ""PDBC"": 3.0, ""SCHD"": 14.5, ""XLV"": 4.5, ""XLU"": 1.0, ""SGOV"": 13.0, ""USFR"": 8.0, ""TLT"": 2.0, ""KMLM"": 8.0}"
